{
  "metadata": {
    "user": "growthfolio",
    "generated_at": "2025-11-16T13:12:52Z"
  },
  "languages": {
    "C": {
      "bytes": 53595,
      "repos": 1,
      "percentage": 41.07777914035196
    },
    "C++": {
      "bytes": 15137,
      "repos": 1,
      "percentage": 11.601722975044455
    },
    "Dockerfile": {
      "bytes": 750,
      "repos": 1,
      "percentage": 0.5748359801336685
    },
    "Go": {
      "bytes": 14761,
      "repos": 1,
      "percentage": 11.313538537004108
    },
    "Makefile": {
      "bytes": 9750,
      "repos": 2,
      "percentage": 7.472867741737691
    },
    "Shell": {
      "bytes": 36479,
      "repos": 3,
      "percentage": 27.959255625728126
    }
  },
  "top_languages": [
    "C",
    "Shell",
    "C++",
    "Go",
    "Makefile"
  ]
}
