{
  "metadata": {
    "user": "felipemacedo1",
    "generated_at": "2025-11-16T17:36:18Z"
  },
  "languages": {
    "CSS": {
      "bytes": 89166,
      "repos": 4,
      "percentage": 11.45293195109326
    },
    "Dockerfile": {
      "bytes": 1813,
      "repos": 3,
      "percentage": 0.2328708883131696
    },
    "Go": {
      "bytes": 15041,
      "repos": 1,
      "percentage": 1.9319421021061136
    },
    "HTML": {
      "bytes": 141662,
      "repos": 4,
      "percentage": 18.19578366255942
    },
    "Java": {
      "bytes": 181009,
      "repos": 7,
      "percentage": 23.249711319734427
    },
    "JavaScript": {
      "bytes": 72112,
      "repos": 5,
      "percentage": 9.262429949277047
    },
    "Portugol": {
      "bytes": 1290,
      "repos": 1,
      "percentage": 0.1656941235101979
    },
    "Procfile": {
      "bytes": 31,
      "repos": 1,
      "percentage": 0.003981796766524135
    },
    "Shell": {
      "bytes": 148512,
      "repos": 12,
      "percentage": 19.07563230290427
    },
    "TypeScript": {
      "bytes": 127907,
      "repos": 3,
      "percentage": 16.42902190373557
    }
  },
  "top_languages": [
    "Java",
    "Shell",
    "HTML",
    "TypeScript",
    "CSS"
  ]
}
