{
  "metadata": {
    "user": "felipemacedo1",
    "generated_at": "2025-11-16T18:02:55Z"
  },
  "languages": {
    "Assembly": {
      "bytes": 2098461,
      "repos": 1,
      "percentage": 30.300240023946078
    },
    "C": {
      "bytes": 145915,
      "repos": 5,
      "percentage": 2.1069057385837016
    },
    "C++": {
      "bytes": 15137,
      "repos": 1,
      "percentage": 0.21856719435932895
    },
    "CMake": {
      "bytes": 216,
      "repos": 1,
      "percentage": 0.00311888181156207
    },
    "CSS": {
      "bytes": 157236,
      "repos": 13,
      "percentage": 2.2703726876054335
    },
    "Dockerfile": {
      "bytes": 5060,
      "repos": 8,
      "percentage": 0.07306269428937072
    },
    "Go": {
      "bytes": 725098,
      "repos": 8,
      "percentage": 10.469884091666824
    },
    "HTML": {
      "bytes": 401330,
      "repos": 12,
      "percentage": 5.794911284417619
    },
    "Java": {
      "bytes": 1356979,
      "repos": 14,
      "percentage": 19.593782971165215
    },
    "JavaScript": {
      "bytes": 102575,
      "repos": 14,
      "percentage": 1.4811078788008305
    },
    "Makefile": {
      "bytes": 28975,
      "repos": 5,
      "percentage": 0.4183777800463471
    },
    "Nix": {
      "bytes": 922,
      "repos": 1,
      "percentage": 0.013313004769723281
    },
    "Portugol": {
      "bytes": 1290,
      "repos": 1,
      "percentage": 0.0186266552634957
    },
    "Procfile": {
      "bytes": 31,
      "repos": 1,
      "percentage": 0.00044761729702974155
    },
    "Python": {
      "bytes": 26647,
      "repos": 3,
      "percentage": 0.3847631649661782
    },
    "Shell": {
      "bytes": 641529,
      "repos": 41,
      "percentage": 9.263208933748164
    },
    "Solidity": {
      "bytes": 5194,
      "repos": 1,
      "percentage": 0.0749975561539509
    },
    "TypeScript": {
      "bytes": 1212964,
      "repos": 10,
      "percentage": 17.51431184110914
    }
  },
  "top_languages": [
    "Assembly",
    "Java",
    "TypeScript",
    "Go",
    "Shell"
  ]
}
