{
  "metadata": {
    "user": "felipemacedo1",
    "generated_at": "2025-11-17T01:44:04Z"
  },
  "languages": {
    "C": {
      "bytes": 100837,
      "repos": 1,
      "percentage": 0.521339143166759
    },
    "C#": {
      "bytes": 3148,
      "repos": 1,
      "percentage": 0.016275530040451
    },
    "C++": {
      "bytes": 124130,
      "repos": 1,
      "percentage": 0.6417666912074913
    },
    "CMake": {
      "bytes": 69992,
      "repos": 1,
      "percentage": 0.3618668674050973
    },
    "CSS": {
      "bytes": 229808,
      "repos": 11,
      "percentage": 1.1881343734231142
    },
    "Dart": {
      "bytes": 482720,
      "repos": 1,
      "percentage": 2.4957191426704277
    },
    "Dockerfile": {
      "bytes": 16490,
      "repos": 16,
      "percentage": 0.08525523836309942
    },
    "Go": {
      "bytes": 4429827,
      "repos": 13,
      "percentage": 22.9027263063853
    },
    "HCL": {
      "bytes": 52241,
      "repos": 3,
      "percentage": 0.27009211081423146
    },
    "HTML": {
      "bytes": 145310,
      "repos": 10,
      "percentage": 0.7512697808697378
    },
    "Java": {
      "bytes": 225935,
      "repos": 6,
      "percentage": 1.1681105081605134
    },
    "JavaScript": {
      "bytes": 636659,
      "repos": 15,
      "percentage": 3.2916018678600674
    },
    "Jinja": {
      "bytes": 2331,
      "repos": 1,
      "percentage": 0.012051544003904473
    },
    "Jupyter Notebook": {
      "bytes": 276893,
      "repos": 1,
      "percentage": 1.4315693581609272
    },
    "Kotlin": {
      "bytes": 264896,
      "repos": 3,
      "percentage": 1.3695434579400598
    },
    "Makefile": {
      "bytes": 82357,
      "repos": 6,
      "percentage": 0.4257953708835524
    },
    "Objective-C": {
      "bytes": 38,
      "repos": 1,
      "percentage": 0.0001964644668161175
    },
    "PLpgSQL": {
      "bytes": 613010,
      "repos": 1,
      "percentage": 3.1693337579723218
    },
    "PowerShell": {
      "bytes": 31292,
      "repos": 2,
      "percentage": 0.161783318305525
    },
    "Python": {
      "bytes": 165928,
      "repos": 4,
      "percentage": 0.857867264470125
    },
    "Ruby": {
      "bytes": 3186,
      "repos": 2,
      "percentage": 0.016471994507267117
    },
    "Shell": {
      "bytes": 410818,
      "repos": 29,
      "percentage": 2.1239773507490467
    },
    "Smarty": {
      "bytes": 1762,
      "repos": 1,
      "percentage": 0.009109747119210502
    },
    "Solidity": {
      "bytes": 6222,
      "repos": 1,
      "percentage": 0.03216847138236535
    },
    "Swift": {
      "bytes": 2966,
      "repos": 1,
      "percentage": 0.015334568646752754
    },
    "TypeScript": {
      "bytes": 10712619,
      "repos": 8,
      "percentage": 55.38549947471606
    },
    "Vue": {
      "bytes": 226363,
      "repos": 1,
      "percentage": 1.1703233184709687
    },
    "XML": {
      "bytes": 7349,
      "repos": 1,
      "percentage": 0.03799519385872757
    },
    "YAML": {
      "bytes": 16513,
      "repos": 1,
      "percentage": 0.08537415106669866
    },
    "desktop": {
      "bytes": 280,
      "repos": 1,
      "percentage": 0.0014476329133819186
    }
  },
  "top_languages": [
    "TypeScript",
    "Go",
    "JavaScript",
    "PLpgSQL",
    "Dart"
  ]
}
