{
  "metadata": {
    "user": "felipemacedo1",
    "generated_at": "2025-11-16T13:12:44Z"
  },
  "languages": {
    "C": {
      "bytes": 100837,
      "repos": 1,
      "percentage": 0.521720360432366
    },
    "C#": {
      "bytes": 3148,
      "repos": 1,
      "percentage": 0.016287431147704597
    },
    "C++": {
      "bytes": 124130,
      "repos": 1,
      "percentage": 0.6422359683496098
    },
    "CMake": {
      "bytes": 69992,
      "repos": 1,
      "percentage": 0.3621314742344791
    },
    "CSS": {
      "bytes": 229808,
      "repos": 11,
      "percentage": 1.1890031693747452
    },
    "Dart": {
      "bytes": 482720,
      "repos": 1,
      "percentage": 2.4975440799301025
    },
    "Dockerfile": {
      "bytes": 16490,
      "repos": 16,
      "percentage": 0.08531757929658476
    },
    "Go": {
      "bytes": 4422882,
      "repos": 13,
      "percentage": 22.88354067643647
    },
    "HCL": {
      "bytes": 52241,
      "repos": 3,
      "percentage": 0.27028960946227315
    },
    "HTML": {
      "bytes": 145310,
      "repos": 10,
      "percentage": 0.7518191296292742
    },
    "Java": {
      "bytes": 225935,
      "repos": 6,
      "percentage": 1.1689646621209142
    },
    "JavaScript": {
      "bytes": 636659,
      "repos": 15,
      "percentage": 3.2940087760693966
    },
    "Jinja": {
      "bytes": 2331,
      "repos": 1,
      "percentage": 0.012060356418455978
    },
    "Jupyter Notebook": {
      "bytes": 276893,
      "repos": 1,
      "percentage": 1.4326161603498633
    },
    "Kotlin": {
      "bytes": 264896,
      "repos": 3,
      "percentage": 1.370544905115107
    },
    "Makefile": {
      "bytes": 82357,
      "repos": 6,
      "percentage": 0.4261067239617241
    },
    "Objective-C": {
      "bytes": 38,
      "repos": 1,
      "percentage": 0.00019660812694179627
    },
    "PLpgSQL": {
      "bytes": 613010,
      "repos": 1,
      "percentage": 3.1716512604365934
    },
    "PowerShell": {
      "bytes": 31292,
      "repos": 2,
      "percentage": 0.1619016186384918
    },
    "Python": {
      "bytes": 165928,
      "repos": 4,
      "percentage": 0.8584945601894309
    },
    "Ruby": {
      "bytes": 3186,
      "repos": 2,
      "percentage": 0.016484039274646395
    },
    "Shell": {
      "bytes": 409748,
      "repos": 29,
      "percentage": 2.119994389424925
    },
    "Smarty": {
      "bytes": 1762,
      "repos": 1,
      "percentage": 0.009116408412406449
    },
    "Solidity": {
      "bytes": 6222,
      "repos": 1,
      "percentage": 0.032191993837680434
    },
    "Swift": {
      "bytes": 2966,
      "repos": 1,
      "percentage": 0.015345781697614943
    },
    "TypeScript": {
      "bytes": 10706501,
      "repos": 8,
      "percentage": 55.39434493974918
    },
    "Vue": {
      "bytes": 226363,
      "repos": 1,
      "percentage": 1.1711790904980484
    },
    "XML": {
      "bytes": 7349,
      "repos": 1,
      "percentage": 0.038022976970927914
    },
    "YAML": {
      "bytes": 16513,
      "repos": 1,
      "percentage": 0.08543657895236532
    },
    "desktop": {
      "bytes": 280,
      "repos": 1,
      "percentage": 0.0014486914616763937
    }
  },
  "top_languages": [
    "TypeScript",
    "Go",
    "JavaScript",
    "PLpgSQL",
    "Dart"
  ]
}
